ingredient,Added sugars,Calcium,Carbohydrate,Cholesterol,Choline,Copper,Fiber,Folate,Iron,Magnesium,Manganese,Niacin,Pantothenic acid,Phosphorus,Potassium,Protein,Riboflavin,Saturated fat,Selenium,Sodium,Thiamin,Vitamin A,Vitamin B-12,Vitamin B-6,Vitamin C,Vitamin D,Vitamin E,Vitamin K,Zinc
almond,0,20,8,0,9,108,34,10,23,63,0,24,0,40,16,41,72,21,1,10,8,0,0,5,0,0,110,0,29
amaretto,67,0,12,0,0,0,0,0,0,0,0,0,0,0,0,0,0,0,0,3,0,0,0,0,0,0,0,0,0
anchovy,0,18,0,28,15,38,0,3,26,16,0,124,0,20,12,58,28,11,124,159,6,1,37,12,0,8,22,10,22
anise,0,50,18,0,0,101,52,2,206,40,100,19,16,35,31,35,22,0,9,1,28,35,0,38,23,0,0,0,48
aperitif,0,0,3,0,0,0,0,0,0,0,0,0,0,0,0,0,0,0,0,0,0,0,0,0,0,0,0,0,0
appetizer,8,2,3,0,0,0,11,0,6,0,0,0,0,0,10,2,0,0,0,20,0,0,0,0,0,0,0,0,0
apple,0,0,5,0,0,0,11,0,1,0,0,0,0,0,2,0,0,0,0,0,0,7,0,0,3,0,0,0,0
apricot,0,0,5,0,0,0,0,0,0,0,0,0,0,0,2,0,0,0,0,0,0,41,0,0,20,0,0,0,0
artichoke,0,2,4,0,6,14,20,22,3,10,0,7,0,6,6,6,7,0,0,3,4,0,0,5,8,0,1,12,4
arugula,0,12,1,0,0,0,5,14,8,0,0,0,0,0,8,6,0,0,0,1,0,13,0,0,16,0,0,90,0
asparagus,0,2,1,0,0,0,9,0,13,0,0,0,0,0,4,5,0,0,0,0,0,0,0,0,0,0,0,0,0
aspen,0,6,20,0,0,0,14,0,8,0,0,0,0,0,0,16,0,0,0,26,0,0,0,0,0,0,0,0,0
avocado,0,3,3,13,1,1,0,1,2,2,0,1,0,2,1,4,4,30,3,38,2,1,11,1,0,0,31,81,2
bacon,0,0,0,33,0,0,0,0,0,0,0,0,0,0,0,67,0,0,0,78,0,0,0,0,0,0,0,0,0
bake,0,3,8,2,4,19,16,2,8,7,0,2,0,7,5,9,1,1,9,17,3,0,0,3,0,0,0,0,5
banana,0,10,15,0,0,0,22,0,6,0,0,0,0,0,0,25,0,0,0,26,0,0,0,0,17,0,0,0,0
barley,0,1,10,1,2,11,13,4,7,5,0,12,0,4,2,4,5,5,15,9,7,3,0,9,0,0,2,2,7
basil,0,0,0,0,0,0,0,0,0,0,0,0,0,0,0,0,0,0,0,0,0,0,0,0,0,0,0,0,0
bass,0,2,4,12,10,5,2,10,6,9,0,14,0,14,5,32,12,10,56,17,18,4,10,17,0,22,19,10,4
bean,0,2,6,0,3,22,18,5,9,10,0,3,0,8,8,11,8,2,14,19,8,0,0,7,1,0,6,1,6
beef,2,12,0,0,0,0,16,18,21,0,0,66,0,11,13,34,17,0,0,14,83,0,0,21,0,0,0,0,60
beer,0,0,1,0,2,1,0,2,0,1,0,3,0,1,1,1,2,0,1,0,0,0,1,3,0,0,0,0,0
beet,0,1,6,0,3,13,3,7,2,4,0,2,0,1,2,2,4,0,2,6,1,0,0,3,3,0,0,0,2
berry,0,1,5,0,1,7,15,5,3,3,0,4,0,2,3,2,3,0,1,0,2,0,0,3,19,0,5,10,2
birthday,37,0,24,0,0,0,20,0,0,0,0,0,0,0,0,7,0,0,0,9,0,0,0,0,0,0,0,0,0
biscuit,0,31,12,18,0,0,5,0,13,0,0,0,0,0,0,16,0,0,0,24,0,74,0,0,0,0,0,0,0
bitters,0,1,2,1,2,4,7,12,2,4,0,2,0,3,7,2,4,3,0,6,4,2,0,3,35,0,3,6,7
blackberry,0,0,2,0,0,0,6,0,233,0,0,0,0,0,0,1,0,0,0,0,0,12,0,0,9,0,0,0,0
blender,0,2,31,0,0,0,18,280,150,6,0,104,0,11,4,14,108,0,0,22,104,186,208,98,22,665,1,0,114
blueberry,0,0,24,0,0,0,0,0,0,0,0,0,0,0,0,0,0,0,0,0,0,0,0,0,0,0,0,0,0
boil,0,4,8,0,6,55,31,19,6,24,0,33,0,16,4,27,5,14,8,33,22,0,0,9,0,0,27,0,17
boston,0,10,17,0,3,16,14,25,20,10,0,35,0,10,3,21,19,3,52,20,34,0,0,7,0,0,1,4,9
bourbon,71,0,19,0,0,0,13,0,24,34,43,0,0,0,9,21,0,0,0,4,0,0,0,0,0,0,0,0,49
braise,0,1,1,130,0,310,0,54,38,5,18,67,91,34,5,49,315,0,0,3,16,10667,2958,54,25,0,0,0,55
bran,0,7,16,0,5,24,14,43,22,10,0,28,0,10,3,19,24,7,58,20,39,0,0,5,0,0,0,3,10
brandy,0,0,0,0,0,2,0,0,0,0,0,0,0,0,0,0,0,0,0,0,0,0,0,0,0,0,0,0,0
bread,0,0,12,0,0,0,13,0,0,0,0,0,0,0,0,7,0,0,0,15,0,0,0,0,0,0,0,0,0
breadcrumbs,0,0,0,0,0,0,0,0,0,0,0,0,0,0,0,0,0,0,0,0,0,0,0,0,0,0,0,0,0
breakfast,0,1,26,0,2,7,6,29,24,3,0,39,0,6,2,8,38,15,6,14,43,22,0,29,0,0,5,16,3
brie,0,26923,0,36,0,0,0,0,20,0,0,0,0,0,0,36,0,0,0,31,0,99,0,0,0,0,0,0,0
brine,0,2,0,36,0,0,0,0,25,0,0,74,0,0,15,80,22,0,0,30,5,59,0,0,0,0,0,0,0
brisket,0,1,0,31,19,13,0,2,15,5,0,23,0,18,6,59,17,23,49,16,6,0,107,21,0,1,1,1,64
broccoli,0,5,2,0,0,0,12,0,5,0,0,0,0,0,5,5,0,0,0,1,0,0,0,0,0,0,0,0,0
broil,0,4,2,14,15,7,0,1,11,6,0,3,0,20,1,36,4,6,69,12,1,14,496,2,0,0,10,3,6
brooklyn,0,0,25,12,0,0,0,0,14,0,0,0,0,0,0,7,0,0,0,5,0,0,0,0,0,0,0,0,0
brownie,0,0,22,0,0,0,10,0,11,0,0,0,0,0,0,5,0,0,0,15,0,0,0,0,0,0,0,0,0
brunch,0,7,6,38,0,0,2,0,9,0,0,0,0,0,0,30,0,0,0,22,0,20,0,0,1,0,0,0,0
buffalo,0,82,1,54,0,0,0,0,0,0,0,0,0,0,2,71,0,0,0,39,0,596,0,0,0,0,0,0,0
buffet,0,5,0,26,0,0,0,0,2,0,0,0,0,0,9,48,0,0,0,34,0,3,0,0,4,0,0,0,0
bulgur,0,3,24,0,0,0,29,0,9,0,0,0,0,0,0,25,0,0,0,0,0,0,0,0,0,0,0,0,0
burrito,0,5,12,6,0,0,4,0,12,0,0,0,0,0,0,19,0,0,0,18,0,26,0,0,4,0,0,0,0
butter,0,2,1,0,0,0,4,0,7,0,0,0,0,0,0,2,0,0,0,0,0,392,0,0,5,0,0,0,0
buttermilk,0,9,2,2,3,0,0,1,0,3,0,1,0,7,3,7,15,2,4,4,4,4,9,2,1,2,0,0,4
cabbage,0,3,1,0,3,3,6,13,14,3,0,7,0,2,3,2,16,0,1,22,1,10,0,13,0,0,1,36,2
cake,85,2,21,8,0,0,0,0,6,0,0,0,0,0,1,7,0,0,0,18,0,0,0,0,0,0,0,0,0
calvados,0,0,0,24,0,0,1,0,0,0,0,0,0,0,0,29,0,0,0,19,0,60,0,0,0,0,0,0,0
cambridge,0,0,24,0,0,0,0,0,0,0,0,0,0,0,0,0,0,0,0,2,0,0,0,0,0,0,0,0,0
campari,0,0,0,0,0,0,0,0,0,0,0,0,0,0,0,0,0,0,0,0,0,0,0,0,0,0,0,0,0
camping,0,9,9,17,0,0,0,0,0,0,0,0,0,0,0,6,0,0,0,6,0,65,0,0,0,0,0,0,0
candy,0,0,29,0,0,0,0,0,0,0,0,0,0,0,0,0,0,0,0,2,0,0,0,0,0,0,0,0,0
cantaloupe,0,1,3,0,0,0,2,0,2,0,0,0,0,0,0,2,0,0,0,1,0,414,0,0,40,0,0,0,0
capers,0,0,2,0,0,0,24,0,7,0,0,0,0,0,0,0,0,0,0,116,0,0,0,0,4,0,0,0,0
caraway,0,0,0,0,0,0,0,0,0,0,0,0,0,0,0,0,0,0,0,0,0,0,0,0,0,0,0,0,0
cardamom,0,0,0,0,0,0,0,0,0,0,0,0,0,0,0,0,0,0,0,0,0,0,0,0,0,0,0,0,0
carrot,0,3,4,0,1,6,10,10,1,3,0,7,0,3,5,2,8,0,0,3,4,85,0,8,5,0,4,9,2
cashew,0,5,11,0,9,195,11,14,27,49,0,7,0,31,10,24,12,51,17,13,13,0,0,12,0,0,34,25,40
cauliflower,0,2,2,0,0,0,9,0,3,0,0,0,0,0,4,5,0,0,0,1,0,0,0,0,0,0,0,0,0
caviar,0,21,1,196,89,12,0,12,66,71,0,1,0,28,4,49,48,20,119,65,16,30,833,19,0,14,13,0,9
celery,0,3,1,0,0,0,6,0,2,0,0,0,0,0,0,0,0,0,0,5,0,20,0,0,9,0,0,0,0
chambord,0,0,20,0,0,0,0,0,0,0,0,0,0,0,0,0,0,0,0,0,0,0,0,0,0,0,0,0,0
champagne,0,1,4,0,1,4,0,2,1,2,0,1,0,1,2,0,1,0,0,0,2,0,0,3,4,0,0,0,1
chard,0,4,1,1,3,21,6,3,10,20,0,2,0,4,8,4,7,3,2,15,3,35,0,7,24,0,16,722,3
chartreuse,0,0,12,0,0,2,0,0,0,0,0,0,0,0,0,0,1,0,0,0,0,0,0,0,0,0,0,0,0
cheddar,0,55,0,30,0,0,0,0,0,0,0,0,0,0,0,50,0,0,0,28,0,0,0,0,0,0,0,0,0
cheese,0,0,1,18,0,0,0,0,0,0,0,0,0,0,0,42,0,0,0,26,0,20,0,0,0,0,0,0,0
cherry,0,3,15,0,0,0,7,0,8,0,0,0,0,0,0,8,0,0,0,9,0,111,0,0,0,0,0,0,0
chestnut,0,0,16,0,0,0,21,0,4,0,0,0,0,0,0,8,0,0,0,0,0,0,0,0,27,0,0,0,0
chicago,0,49,1,30,0,0,0,0,0,0,0,0,0,0,2,43,0,0,0,33,0,0,0,0,0,0,0,0,0
chicken,0,0,0,15,0,0,0,0,0,0,0,0,0,0,0,43,0,0,0,8,0,0,0,0,0,0,0,0,0
chickpea,0,8,22,0,0,0,61,0,34,0,0,0,0,0,0,38,0,0,0,1,0,6,0,0,4,0,0,0,0
chili,0,1,3,5,0,0,3,0,3,0,0,0,0,0,0,14,0,0,0,18,0,24,0,0,0,0,0,0,0
chill,0,1,4,0,1,5,1,5,1,3,1,2,4,1,4,1,3,0,0,0,4,5,0,4,37,0,1,0,1
chive,0,7,2,0,1,17,9,26,9,10,0,4,0,5,6,7,9,1,2,0,6,24,0,8,65,0,1,177,5
chocolate,0,0,17,0,0,0,10,0,24,0,0,0,0,0,0,6,0,0,0,1,0,0,0,0,0,0,0,0,0
christmas,0,1,31,0,2,17,9,650,110,13,0,136,7,13,4,9,142,14,12,31,137,16,0,128,0,0,3,1,149
cilantro,0,0,0,0,0,0,0,0,0,0,0,0,0,0,0,0,0,0,0,0,0,0,0,0,0,0,0,0,0
cinnamon,0,0,0,0,0,0,0,0,0,0,0,0,0,0,0,0,0,0,0,0,0,0,0,0,0,0,0,0,0
citrus,0,1,4,0,0,0,0,0,0,0,0,0,0,0,0,0,0,0,0,0,0,0,0,0,28,0,0,0,0
clam,0,3,4,8,8,8,4,6,7,5,0,14,0,12,4,24,8,11,38,20,13,7,168,9,18,1,5,7,7
clove,0,49,24,0,7,41,121,6,66,62,2613,10,10,8,22,12,17,19,13,12,13,18,0,23,0,0,59,118,21
cocktail,0,4,3,40,14,22,1,4,2,6,0,11,0,19,4,26,2,1,52,22,2,6,37,9,3,0,10,1,9
coconut,0,0,17,0,0,0,13,0,11,0,0,0,0,0,0,7,0,0,0,11,0,0,0,0,0,0,0,0,0
cod,0,3,2,11,0,0,2,0,5,0,0,0,0,0,0,25,0,0,0,18,0,13,0,0,4,0,0,0,0
coffee,0,4,8,36,0,0,0,0,0,0,0,0,0,0,0,5,0,0,0,4,0,99,0,0,0,0,0,0,0
columbus,0,0,1,30,0,0,0,0,7,0,0,0,0,0,0,50,0,0,0,65,0,0,0,0,5,0,0,0,0
condiment,0,0,23,0,0,0,0,0,29,0,0,0,0,0,0,0,0,0,0,9,0,0,0,0,0,0,0,0,0
cookie,9,10,17,0,0,0,8,0,9,0,0,0,0,0,0,43,0,0,0,20,0,0,0,0,0,0,0,0,0
cookies,0,5,19,0,0,0,0,0,14,0,0,0,0,0,0,7,0,0,0,9,0,199,0,0,0,0,0,0,0
coriander,0,55,20,0,0,108,150,0,91,79,83,13,0,33,27,25,22,5,48,2,20,0,0,0,23,0,0,0,43
corn,10,0,5,0,0,0,3,0,0,0,0,0,0,0,1,2,0,0,0,10,0,0,0,0,0,0,0,0,0
cornmeal,0,0,28,0,0,0,26,0,14,0,0,0,0,0,7,15,0,0,0,0,0,0,0,0,0,0,0,0,0
couscous,0,3,28,0,0,0,16,0,12,0,0,0,0,0,4,27,0,0,0,0,0,0,0,0,0,0,0,0,0
crab,0,7,0,32,15,90,0,13,3,9,0,17,0,19,6,36,7,1,78,17,2,0,139,9,4,0,12,0,35
cranberry,0,0,5,0,0,0,0,0,1,0,0,0,0,0,0,0,0,0,0,1,0,0,0,0,28,0,0,0,0
crêpe,19,0,10,0,0,0,5,0,0,0,0,0,0,0,0,8,0,0,0,13,0,0,0,0,0,0,0,0,0
cucumber,0,1,2,0,1,5,2,2,0,2,0,0,0,2,3,1,2,0,1,10,2,0,0,2,3,0,0,12,1
cumin,0,72,16,0,4,96,38,2,369,87,145,29,0,40,38,36,25,8,9,7,52,141,0,26,9,0,22,5,44
cupcake,0,4,18,5,0,0,6,0,8,0,0,0,0,0,0,8,0,0,0,15,0,0,0,0,0,0,0,0,0
currant,0,7,28,0,2,33,16,2,10,9,0,10,0,8,17,7,11,0,1,2,13,0,0,17,5,0,1,3,3
curry,0,0,0,0,0,0,0,0,0,0,0,0,0,0,0,0,0,0,0,0,0,0,0,0,0,0,0,0,0
custard,0,9,4,27,11,0,0,2,2,3,0,1,0,10,3,10,15,8,13,4,4,9,17,3,0,7,1,0,5
dairy,0,8,2,5,0,0,0,0,0,0,0,0,0,0,0,7,0,0,0,2,0,14,0,0,1,210,0,0,0
dallas,0,0,0,0,0,0,0,0,0,0,0,0,0,0,0,0,0,0,0,965,0,0,0,0,0,0,0,0,0
date,0,3,27,0,1,23,29,5,6,10,0,8,0,5,14,5,5,0,5,0,4,0,0,10,0,0,0,2,3
denver,0,1,0,23,13,8,0,1,13,5,1,21,17,14,7,38,15,26,39,3,7,1,121,24,0,25,1,1,67
dessert,0,6,8,15,5,1,0,2,0,2,0,1,0,8,2,12,15,39,14,7,3,18,11,2,0,2,2,1,4
digestif,0,0,3,0,0,0,0,0,0,0,0,0,0,0,0,0,0,0,0,0,0,0,0,0,21,0,0,0,0
dill,3,4,1,0,0,3,4,2,1,2,2,1,4,1,2,1,4,0,0,35,4,0,0,2,2,0,1,14,1
dinner,0,1,4,14,6,9,4,4,5,4,0,10,0,6,4,14,6,17,10,12,6,6,25,10,6,0,1,3,14
dip,0,10,4,0,0,0,12,0,13,0,0,0,0,0,0,20,0,0,0,15,0,0,0,0,18,0,0,0,0
diwali,22,5,5,8,0,0,0,0,0,0,0,0,0,0,2,5,0,0,0,1,0,0,0,0,0,125,0,0,0
drink,0,0,5,0,0,0,0,0,0,0,0,0,0,0,0,0,0,0,0,0,0,69,0,0,28,250,0,0,0
drinks,0,0,4,0,0,0,0,0,0,0,0,0,0,0,0,1,0,0,0,0,0,0,0,0,0,0,0,0,0
duck,0,1,22,0,0,4,2,0,2,1,0,1,0,1,2,1,1,0,2,31,2,1,0,2,1,0,1,0,2
easter,0,0,0,0,0,0,0,0,0,0,0,0,0,0,0,0,0,0,0,0,0,0,0,0,0,0,0,0,0
egg,0,10,21,11,0,0,11,0,0,0,0,0,0,0,0,13,0,0,0,8,0,0,0,0,0,0,0,0,0
eggplant,0,3,3,0,2,44,14,10,9,20,0,10,0,13,6,10,9,10,18,9,19,1,0,11,8,0,5,20,12
endive,0,4,1,0,3,11,11,36,5,4,18,2,18,2,7,2,6,0,0,1,7,241,0,1,7,0,3,192,7
escarole,0,4,1,0,0,0,12,0,0,0,0,0,0,0,7,2,0,0,0,1,0,0,0,0,0,0,0,0,0
fall,100,5,22,0,0,0,12,0,20,0,0,0,0,0,5,13,0,0,0,0,0,0,0,0,0,0,0,0,0
fennel,0,4,3,1,3,8,12,6,5,5,0,4,0,5,10,3,3,4,1,9,1,7,0,4,13,0,7,62,2
feta,0,0,4,0,0,0,0,0,0,0,0,0,0,0,0,0,0,0,0,30,0,0,104,0,0,0,0,0,0
fig,120,1,24,0,0,0,0,0,0,0,0,0,0,0,2,0,0,0,0,0,0,0,0,0,0,0,0,0,0
fish,0,1,8,9,8,7,5,6,5,6,8,10,5,15,4,22,9,19,29,17,10,2,40,5,0,5,46,4,4
fontina,0,42,1,39,3,3,0,2,1,3,0,1,0,28,1,51,16,78,26,35,2,29,70,5,0,3,2,2,32
frangelico,0,1,1,14,0,0,0,0,2,0,0,0,0,0,0,24,0,0,0,13,0,18,0,0,1,0,0,0,0
frankenrecipe,0,0,0,0,0,0,0,0,0,0,0,0,0,0,0,0,0,0,0,0,0,0,0,0,0,0,0,0,0
frittata,0,6,8,44,0,0,3,0,11,0,0,0,0,0,3,16,0,0,0,20,0,0,0,0,0,165,0,0,0
fritter,0,5,12,22,9,7,6,20,12,6,0,15,0,10,4,15,20,26,19,15,24,9,10,5,1,4,28,18,7
fruit,0,6,4,1,2,4,4,2,1,3,0,2,0,5,4,5,8,3,3,1,4,2,12,4,11,3,1,3,3
fry,0,1,3,11,5,4,0,2,1,1,0,2,0,2,2,2,4,42,3,21,1,2,4,3,1,1,19,102,1
game,0,0,0,32,0,20,0,0,18,6,1,0,0,15,8,45,45,4,18,2,27,0,0,0,0,0,0,0,12
garlic,0,51,12,0,0,0,0,0,0,0,0,0,0,0,0,0,0,0,0,0,0,0,0,0,89,0,0,0,0
gin,0,0,0,0,0,2,0,0,0,0,0,0,0,0,0,0,0,0,0,0,0,0,0,0,0,0,0,0,0
ginger,0,0,0,0,0,0,0,0,0,0,0,0,0,0,0,0,0,0,0,0,0,0,0,0,0,0,0,0,0
goose,0,0,0,33,0,0,0,0,0,0,0,0,0,0,0,0,0,136,0,0,0,0,0,0,0,0,18,0,0
gouda,0,55,0,36,0,0,0,0,0,0,0,0,0,0,0,50,0,0,0,40,0,119,0,0,0,0,0,0,0
grains,0,2,28,0,6,41,54,10,15,26,112,27,29,27,11,21,19,1,25,0,26,1,0,17,0,0,6,5,24
granola,0,5,17,0,0,0,25,0,21,0,0,0,0,0,0,29,0,0,0,4,0,0,0,0,0,0,0,0,0
grape,0,0,5,0,0,0,0,0,0,0,0,0,0,0,0,0,0,0,0,0,0,0,0,0,23,0,0,0,0
grapefruit,20,0,4,0,0,0,0,0,0,0,0,0,0,0,0,0,0,0,0,0,0,0,0,0,0,0,0,0,0
grappa,0,0,0,0,0,0,0,0,0,0,0,0,0,0,0,0,0,0,0,0,0,0,0,0,0,0,0,0,0
grill,0,1,1,11,15,3,0,4,3,7,0,5,0,34,6,31,1,3,29,18,1,1,63,6,0,0,2,2,10
guam,0,0,1,0,0,0,12,0,0,0,0,0,0,0,0,0,0,0,0,23,0,0,0,0,37,0,0,0,0
guava,0,2,4,0,0,0,19,0,3,0,0,0,0,0,6,1,0,0,0,0,0,0,0,0,0,0,0,0,0
halibut,0,2,0,12,0,0,0,0,6,0,0,0,0,0,0,41,0,0,0,2,0,20,0,0,0,0,0,0,0
ham,0,1,1,18,14,14,0,0,5,5,0,38,0,22,8,38,15,6,61,50,36,1,17,24,0,3,1,0,17
hamburger,0,0,15,8,0,0,12,0,2,0,0,0,0,0,0,7,0,0,0,14,0,0,0,0,0,0,0,0,0
hanukkah,70,0,25,7,0,0,0,0,0,0,0,0,0,0,2,9,0,0,0,4,0,0,0,0,0,0,0,0,0
harpercollins,0,0,0,0,0,0,0,0,0,0,0,0,0,0,0,0,0,0,0,0,0,0,0,0,0,0,0,0,0
hazelnut,0,11,20,4,0,0,9,0,24,0,0,0,0,0,0,15,0,0,0,3,0,0,0,0,0,0,0,0,0
healdsburg,0,0,0,0,0,0,0,0,0,0,0,0,0,0,0,0,0,0,0,0,0,0,0,0,0,0,0,0,0
healthy,0,1,2,2,0,0,3,0,0,0,0,0,0,0,0,5,0,0,0,8,0,37,0,0,1,0,0,0,0
herb,0,0,0,0,0,2,0,0,0,0,2,0,0,0,0,0,0,0,0,0,1,2,0,0,0,0,0,0,0
hollywood,0,0,0,12,0,0,0,0,0,0,0,0,0,0,0,0,0,0,0,23,0,0,0,0,0,0,0,0,0
honey,0,0,30,0,0,4,1,0,2,0,3,1,1,0,1,1,3,0,1,0,0,0,0,1,1,0,0,0,2
honeydew,0,0,3,0,1,3,3,5,1,2,0,3,0,1,5,1,1,0,1,1,3,0,0,5,20,0,0,2,1
horseradish,0,4,4,0,1,6,12,14,2,6,0,2,0,2,5,2,2,0,5,18,1,0,0,4,28,0,0,1,8
houston,42,9,11,9,0,0,0,0,0,0,0,0,0,0,4,8,0,0,0,4,0,0,0,0,0,0,0,0,0
hummus,0,5,8,0,0,0,25,0,7,0,0,0,0,0,0,14,0,0,0,20,0,40,0,0,10,0,0,0,0
jalapeño,0,4,1,23,0,0,6,0,2,0,0,0,0,0,2,34,0,0,0,34,0,0,0,0,0,35,0,0,0
juicer,0,1,3,0,0,0,0,0,1,0,0,0,0,0,0,2,0,0,0,1,0,69,0,0,22,0,0,0,0
jícama,0,0,0,0,0,0,0,0,0,0,0,0,0,0,0,0,0,0,0,0,0,0,0,0,0,0,0,0,0
kahlúa,0,0,0,0,0,0,0,0,0,0,0,0,0,0,0,0,0,0,0,0,0,0,0,0,0,0,0,0,0
kale,0,10,4,0,0,29,6,7,9,8,43,7,0,4,10,7,9,0,0,2,0,1722,0,16,136,0,0,690,0
kirsch,0,0,12,0,0,2,0,0,0,0,0,0,0,0,0,0,1,0,0,0,0,0,0,0,0,0,0,0,0
kiwi,0,3,5,0,0,0,10,0,1,0,0,0,0,0,7,3,0,0,0,0,0,8,0,0,104,0,0,32,0
kosher,3,4,1,0,0,3,4,2,1,2,2,1,4,1,2,1,4,0,0,35,4,0,0,2,2,0,1,14,1
kumquat,0,5,6,0,2,11,23,4,5,5,0,3,0,2,4,4,7,0,0,0,3,2,0,2,49,0,1,0,2
kwanzaa,0,0,0,0,0,0,0,0,0,0,0,0,0,0,0,0,0,0,0,0,0,0,0,0,0,0,0,0,0
lamb,0,0,0,24,0,0,0,0,8,0,0,0,0,0,0,34,0,0,0,3,0,0,0,0,0,0,0,0,0
lancaster,0,7,26,4,0,0,0,0,0,0,0,0,0,0,0,5,0,0,0,14,0,26,0,0,0,0,0,0,0
lasagna,0,7,4,6,0,0,3,0,5,0,0,0,0,0,0,11,0,0,0,9,0,0,0,0,8,0,0,0,0
leek,0,5,5,1,2,14,7,14,12,7,0,2,0,3,4,3,2,3,2,7,5,10,0,14,12,0,9,43,1
legume,0,5,22,0,0,0,109,0,45,0,0,0,0,0,0,50,0,0,0,6,0,0,0,0,5,0,0,0,0
lemon,0,0,2,0,0,0,0,0,0,0,0,0,0,0,0,0,0,0,0,35,0,0,0,0,4,0,0,0,0
lemongrass,0,2,3,0,0,0,5,0,0,0,0,0,0,0,0,3,0,0,0,6,0,0,0,0,0,0,0,0,0
lentil,0,2,4,0,3,17,12,16,8,5,0,5,0,6,6,7,5,6,3,17,6,4,0,8,9,0,9,7,5
lettuce,0,2,1,0,2,4,5,10,1,3,0,2,0,2,5,2,5,0,1,1,6,34,0,4,9,0,1,62,2
lime,0,3,14,83,31,13,3,9,7,5,0,1,0,12,3,18,21,13,36,3,8,12,21,4,6,8,6,1,11
lingonberry,0,0,16,0,0,0,9,0,0,0,0,0,0,0,0,0,0,0,0,0,0,0,0,0,0,0,0,0,0
liqueur,0,0,12,0,0,2,0,0,0,0,0,0,0,0,0,0,1,0,0,0,0,0,0,0,0,0,0,0,0
lobster,0,8,0,54,16,190,0,2,2,11,0,12,0,16,5,42,1,1,146,23,2,0,56,7,0,0,7,0,41
lunch,0,2,8,17,8,8,8,4,11,6,0,37,0,15,5,31,16,14,32,22,8,2,10,18,1,2,8,9,6
lychee,0,0,6,0,1,16,5,4,2,2,0,4,0,2,4,2,5,0,1,0,1,0,0,6,79,0,0,0,1
mandoline,0,0,0,0,0,0,0,0,0,0,0,0,0,0,0,0,0,0,0,0,0,0,0,0,0,0,0,0,0
mango,0,3,31,0,0,0,18,0,0,0,0,0,0,0,19,5,0,0,0,0,0,0,0,0,0,0,0,0,0
margarita,0,0,6,0,0,1,0,0,0,0,0,0,0,0,0,0,1,0,1,9,1,0,0,0,2,0,0,0,1
marinade,0,0,2,0,0,0,0,0,0,0,0,0,0,0,0,0,0,0,0,64,0,0,0,0,0,0,0,0,0
marinate,0,0,0,0,0,0,0,0,0,0,0,0,0,0,0,0,0,0,0,0,0,0,0,0,0,0,0,0,0
marsala,0,0,0,0,0,0,0,0,0,0,0,0,0,0,0,0,0,0,0,77,0,397,0,0,0,0,0,0,0
marscarpone,0,0,0,0,0,0,0,0,0,0,0,0,0,0,0,0,0,0,0,0,0,0,0,0,0,0,0,0,0
marshmallow,135,0,28,0,0,0,0,0,0,0,0,0,0,0,0,6,0,0,0,0,0,0,0,0,0,0,0,0,0
martini,0,0,0,0,0,2,0,0,0,0,0,0,0,0,0,0,0,0,0,0,0,0,0,0,0,0,0,0,0
mayonnaise,0,0,0,19,0,0,0,0,0,0,0,0,0,0,0,0,0,0,0,27,0,0,0,0,0,0,0,0,0
meat,0,1,0,19,0,0,0,0,4,0,0,0,0,0,0,36,0,0,0,10,0,0,0,0,0,0,0,0,0
meatball,0,5,12,1,0,0,6,0,12,0,0,0,0,0,4,14,0,0,0,22,0,17,0,0,0,0,0,0,0
meatloaf,0,0,1,16,0,0,0,0,5,0,0,0,0,0,0,28,0,0,0,15,0,49,0,0,1,0,0,0,0
melon,0,1,3,0,1,6,2,3,1,3,0,3,0,1,4,1,2,0,2,1,3,10,0,3,14,0,0,2,2
mezcal,0,0,5,0,0,0,0,0,0,0,0,0,0,0,0,7,0,0,0,26,0,37,0,0,33,0,0,0,0
miami,0,1,4,0,0,0,3,0,17,0,0,0,0,0,0,1,0,0,0,1,0,254,0,0,25,0,0,0,0
microwave,0,13,2,51,16,13,0,4,15,7,1,51,20,33,14,59,31,35,52,88,4,7,78,22,0,250,1,0,43
midori,0,0,0,0,0,0,0,0,0,0,0,0,0,0,0,0,0,0,0,0,0,0,0,0,0,0,0,0,0
minneapolis,0,3,26,12,0,0,13,0,11,0,0,0,0,0,3,25,0,0,0,1,0,0,0,0,0,0,0,0,0
mint,0,0,38,0,0,0,0,0,0,0,0,0,0,0,0,0,0,0,0,0,0,0,0,0,0,0,0,0,0
mixer,0,0,7,0,0,0,0,0,0,0,0,0,0,0,0,0,0,0,0,1,0,0,0,0,0,0,0,0,0
molasses,0,16,27,0,2,54,0,0,26,58,0,6,0,2,31,0,0,0,32,2,3,0,0,39,0,0,0,0,3
mozzarella,0,41,1,24,0,0,0,0,0,0,0,0,0,0,0,43,0,0,0,8,0,79,0,0,0,0,0,0,0
muffin,0,0,12,0,0,0,4,0,4,0,0,0,0,0,0,6,0,0,0,7,0,0,0,0,0,0,0,0,0
mushroom,9,2,2,0,0,0,3,0,5,0,0,0,0,0,7,2,0,0,0,16,0,0,0,0,0,0,0,0,0
mussel,0,3,2,12,15,13,0,10,28,10,0,12,0,20,9,30,19,3,103,16,14,6,538,3,9,0,5,0,18
mustard,0,5,2,0,4,8,15,2,9,11,0,4,0,9,3,8,5,1,62,48,16,0,0,4,0,0,2,1,6
nectarine,0,0,3,0,1,9,5,2,2,2,0,7,0,2,3,2,2,0,0,1,3,2,0,1,3,0,4,2,2
noodle,0,0,7,0,0,0,5,0,0,0,0,0,0,0,0,6,0,0,0,0,0,0,0,0,0,0,0,0,0
nut,0,3,13,0,0,247,15,0,33,60,85,0,0,43,14,35,0,0,38,0,0,0,0,0,0,0,0,0,46
nutmeg,0,0,0,0,0,0,0,0,0,0,0,0,0,0,0,0,0,450,0,0,0,0,0,0,0,0,1,0,0
oat,0,12,2,0,0,3,2,0,1,2,0,0,0,2,0,1,1,1,3,2,2,0,21,0,0,8,2,1,2
oatmeal,0,26,24,0,0,0,32,0,133,0,0,0,0,0,0,0,0,0,0,0,0,618,0,0,74,0,0,0,0
octopus,0,4,5,14,10,40,2,12,27,7,0,16,0,13,6,26,8,9,68,23,14,4,540,15,3,0,21,10,13
okra,0,6,3,0,0,0,4,0,3,0,0,0,0,0,0,6,0,0,0,0,0,39,0,0,13,0,0,0,0
oktoberfest,0,0,1,22,0,0,0,0,5,0,0,0,0,0,0,28,0,0,0,21,0,0,0,0,0,0,0,0,0
olive,0,5,2,0,2,18,6,0,19,1,0,1,0,0,0,1,0,23,1,36,1,2,0,1,0,0,41,5,1
omelet,0,1,2,0,1,8,5,4,2,3,0,4,0,2,6,2,2,0,0,0,4,5,0,6,21,0,4,7,2
onion,0,1,22,0,0,0,8,0,20,0,0,29,0,0,0,22,26,0,0,19,83,9,0,0,0,0,0,0,0
orange,0,0,33,0,0,0,0,0,0,0,0,0,0,0,0,10,0,0,0,17,0,0,0,0,0,0,0,0,0
oregano,0,0,0,0,0,0,0,0,0,0,0,0,0,0,0,0,0,0,0,0,0,0,0,0,0,0,0,0,0
organic,0,4,3,0,3,6,0,4,7,1,0,4,0,2,1,3,7,6,3,1,5,7,8,2,8,5,5,5,5
orzo,0,0,29,0,0,0,13,0,18,0,0,34,0,0,0,25,23,0,0,0,83,0,0,0,0,0,0,0,0
oscars,0,1,1,21,0,12,0,3,8,3,0,15,6,9,4,22,8,64,0,51,4,0,60,10,0,160,0,0,18
oyster,0,7,7,3,4,80,4,12,13,4,0,11,0,5,3,10,9,10,23,22,12,11,81,4,2,2,9,27,91
paleo,0,7,21,0,0,0,46,0,17,0,0,0,0,0,0,35,0,0,0,0,0,0,0,0,0,0,0,0,0
pancake,0,1,17,0,1,14,2,38,13,4,0,15,0,5,1,8,2,0,16,0,22,0,0,5,0,0,0,0,6
papaya,0,12,24,0,0,0,36,0,0,0,0,0,0,0,0,5,0,0,0,1,0,20,0,0,7,0,0,0,0
paprika,0,0,0,0,0,0,0,0,0,0,0,0,0,0,0,0,0,0,0,0,0,5556,0,0,0,0,0,0,0
parade,0,0,17,0,0,0,24,0,0,0,0,0,0,0,0,13,0,0,0,9,0,0,0,0,0,0,0,0,0
paris,0,0,1,21,0,0,0,0,11,0,0,0,0,0,5,39,0,0,0,20,0,0,0,0,0,0,0,0,0
parmesan,0,66,5,29,3,4,0,2,3,8,3,0,9,50,4,57,28,71,63,78,2,108,58,5,0,105,4,6,38
parsley,0,0,0,0,0,0,0,0,0,0,0,0,0,0,0,0,0,0,0,0,0,0,0,0,0,0,0,0,0
parsnip,0,3,6,1,5,15,12,14,3,7,0,4,0,5,8,3,4,3,3,6,7,1,0,6,14,0,9,3,2
party,0,5,5,0,0,0,38,0,7,0,0,0,0,0,0,57,0,0,0,14,0,0,0,0,0,0,0,0,0
pasadena,16,3,7,2,0,0,7,0,5,0,0,0,0,0,6,8,0,0,0,18,0,0,0,0,0,0,0,0,0
passover,7,8,19,6,0,0,0,0,2,0,0,0,0,0,0,0,0,0,0,25,0,0,0,0,0,0,0,0,0
pasta,0,0,29,0,0,0,13,0,18,0,0,34,0,0,0,25,23,0,0,0,83,0,0,0,0,0,0,0,0
pastry,0,1,17,0,1,13,5,22,14,4,0,24,0,5,1,15,20,27,45,11,27,0,0,1,0,0,4,14,5
pea,0,9,23,0,11,49,14,34,21,24,0,32,0,22,16,28,24,26,13,13,51,9,0,32,0,0,15,42,30
peach,0,2,19,22,0,0,8,9,9,0,0,11,0,0,0,9,12,0,0,15,0,25,0,0,6,0,0,0,0
peanut,0,5,22,5,0,0,11,0,6,0,0,0,0,0,0,18,0,0,0,2,0,34,0,0,4,0,0,0,0
pear,0,1,6,0,1,9,11,2,1,2,0,1,0,1,2,1,2,0,0,0,1,0,0,2,5,0,1,4,1
pecan,0,5,5,0,7,133,34,6,14,29,196,7,17,22,9,18,10,31,7,0,55,6,0,12,1,0,9,3,41
pepper,0,34,24,0,0,0,119,0,161,0,0,0,0,0,0,0,0,0,0,0,0,21,0,0,23,0,0,0,0
pernod,0,16,6,21,0,0,5,0,18,0,0,0,0,0,2,15,0,0,0,19,0,0,0,0,0,0,0,0,0
persimmon,0,2,35,0,4,34,34,3,2,6,0,1,0,4,9,3,4,0,3,0,5,12,0,14,4,0,13,6,3
pescatarian,0,0,0,0,0,0,0,0,0,0,0,0,0,0,0,0,0,0,0,0,0,0,0,0,0,0,0,0,0
pickles,0,0,1,0,0,0,0,0,0,0,0,0,0,0,0,0,0,0,0,52,0,0,0,0,0,0,0,0,0
picnic,0,4,2,13,0,8,0,0,6,4,1,14,14,10,6,30,19,30,65,50,31,0,62,18,0,240,0,0,20
pie,27,1,13,3,0,0,0,0,4,0,0,0,0,0,1,5,0,0,0,11,0,0,0,0,0,0,0,0,0
pineapple,0,3,29,0,0,0,15,0,4,0,0,0,0,0,0,0,0,0,0,1,0,0,0,0,0,0,0,0,0
pistachio,0,10,10,0,0,148,36,0,27,48,0,0,0,40,0,40,0,0,0,17,0,37,0,59,4,0,0,0,0
pittsburgh,0,0,26,0,0,0,13,26,20,0,0,45,0,0,5,25,41,0,0,0,83,0,0,0,0,355,0,0,0
pizza,0,3,10,7,0,0,5,0,12,0,0,0,0,0,2,21,0,0,0,18,0,75,0,0,0,0,0,0,0
plantain,0,1,23,0,0,22,12,9,5,17,0,5,0,6,17,5,3,41,1,9,5,8,0,27,36,0,34,24,3
plum,0,0,4,0,0,6,5,1,1,2,0,3,0,1,3,1,2,0,0,0,2,2,0,2,11,0,2,5,1
poach,0,4,0,137,49,0,0,13,9,3,0,0,0,15,3,25,31,16,57,6,5,20,34,4,0,12,7,0,11
poblano,46,7,12,0,0,0,20,0,21,0,0,0,0,0,17,11,0,0,0,34,0,0,0,0,0,0,0,0,0
pomegranate,0,1,4,0,0,0,0,0,0,0,0,0,0,0,0,0,0,0,0,1,0,0,0,0,7,0,0,0,0
poppy,0,5,9,5,1,4,1,1,1,2,0,0,0,4,1,2,4,28,2,41,2,6,4,1,0,0,16,42,2
pork,0,0,0,27,0,0,0,0,7,0,0,0,0,0,0,43,0,0,0,9,0,0,0,0,0,0,0,0,0
port,0,50,0,41,3,2,0,4,2,6,0,0,4,29,3,48,18,71,26,23,1,121,62,3,0,105,2,2,24
portland,0,0,0,0,0,0,0,0,0,0,0,0,0,0,0,0,0,0,0,0,0,0,0,0,0,0,0,0,0
potato,0,3,5,25,10,2,5,6,4,3,0,6,0,6,5,8,11,14,11,10,9,7,12,5,1,2,10,7,4
potluck,0,0,0,0,0,0,0,0,0,0,0,0,0,0,0,0,0,0,0,0,0,0,0,0,0,0,0,0,0
poultry,0,1,2,2,1,2,0,0,0,1,0,2,0,2,1,1,4,3,1,17,2,0,0,1,0,0,1,0,1
prosciutto,0,0,0,30,0,0,0,0,7,0,0,0,0,0,0,50,0,0,0,100,0,0,0,0,0,0,0,0,0
providence,0,0,0,0,0,0,0,0,0,0,0,0,0,0,0,0,0,0,0,0,0,0,0,0,0,0,0,0,0
prune,0,2,24,0,0,0,12,0,16,0,0,16,9,6,18,4,0,0,0,1,3,222,0,0,5,0,0,0,0
pumpkin,0,2,3,0,0,0,11,0,9,0,0,0,0,0,0,2,0,0,0,0,0,0,0,0,0,0,0,0,0
punch,0,0,0,0,0,0,0,0,0,0,0,0,0,0,0,0,0,0,0,0,0,0,0,0,0,0,0,0,0
purim,0,0,23,0,0,0,13,0,0,0,0,0,0,0,0,7,0,0,0,5,0,0,0,0,0,0,0,0,0
quail,0,1,0,29,12,66,0,2,24,5,0,49,0,22,5,50,23,19,39,9,18,8,15,36,3,1,5,4,28
quiche,0,14,7,31,0,0,2,0,5,0,0,0,0,0,0,20,0,0,0,17,0,65,0,0,8,0,0,0,0
quince,0,1,6,0,0,14,7,1,4,2,0,1,2,1,4,1,2,0,1,0,2,4,0,2,17,0,0,0,0
quinoa,0,3,25,0,0,0,21,0,16,0,0,0,0,0,0,20,0,0,0,27,0,0,0,0,0,0,0,0,0
rabbit,0,2,0,28,22,19,0,2,13,5,0,44,0,18,6,60,13,12,69,15,5,0,269,20,0,0,3,1,21
radicchio,0,2,1,0,0,84,11,15,2,3,0,0,0,4,3,4,0,0,0,2,0,0,0,0,7,0,0,142,8
radish,0,2,1,0,1,6,6,6,2,2,0,2,0,2,5,1,3,0,1,2,1,0,0,4,16,0,0,1,3
raisin,0,3,19,0,0,0,12,0,17,0,0,21,0,0,0,20,22,0,0,15,0,0,0,0,7,0,0,0,0
ramadan,0,0,0,0,0,0,0,0,0,0,0,0,0,0,0,0,0,0,0,0,0,0,0,0,0,0,0,0,0
ramekin,23,0,6,33,0,0,0,0,3,0,0,0,0,0,0,8,0,0,0,4,0,0,0,0,0,0,0,0,0
raspberry,0,0,5,0,0,0,0,0,0,0,0,0,0,0,3,0,0,0,0,0,0,0,0,0,1,0,0,0,0
raw,0,3,5,0,2,5,6,4,1,3,0,2,0,2,4,2,3,0,0,0,5,4,0,5,30,0,1,0,1
rhubarb,0,6,6,0,1,2,6,1,1,3,0,2,0,1,5,2,2,0,2,0,1,0,0,1,6,0,2,22,1
rice,0,2,10,0,0,0,5,0,10,0,0,0,0,0,0,7,0,0,0,20,0,8,0,0,3,0,0,0,0
ricotta,0,19,2,13,3,2,0,2,2,4,0,1,0,14,4,19,20,26,20,4,3,13,23,4,0,1,1,0,9
roast,0,1,0,30,15,8,0,2,16,4,0,36,0,18,7,58,20,18,55,16,6,0,108,32,0,0,1,1,67
rosemary,0,0,0,0,0,0,0,0,0,0,0,0,0,0,0,0,0,0,0,0,0,0,0,0,0,0,0,0,0
rosé,0,0,0,0,0,0,0,0,0,0,0,0,0,0,0,0,0,0,0,0,0,0,0,0,0,0,0,0,0
rub,50,0,18,0,0,0,0,0,0,0,0,0,0,0,0,0,0,0,0,513,0,0,0,0,0,0,0,0,0
rum,0,0,0,0,0,2,0,0,0,0,0,0,0,0,0,0,0,0,0,0,0,0,0,0,0,0,0,0,0
rutabaga,0,3,3,0,0,0,11,0,2,0,0,0,0,0,0,2,0,0,0,0,0,0,0,0,27,0,0,0,0
rye,0,5,18,0,0,0,21,0,16,0,0,0,0,0,0,14,0,0,0,28,0,0,0,0,0,0,0,0,0
saffron,0,0,0,0,0,0,0,0,0,0,0,0,0,0,0,0,0,0,0,0,0,0,0,0,0,0,0,0,0
sage,0,0,0,0,0,0,0,0,0,0,0,0,0,0,0,0,0,0,0,0,0,0,0,0,0,0,0,0,0
sake,0,0,2,0,0,1,0,0,1,1,0,0,0,0,1,1,0,0,3,0,0,0,0,0,0,0,0,0,0
salad,0,5,10,0,0,0,9,0,5,0,0,0,0,0,0,5,0,0,0,8,0,39,0,0,44,0,0,0,0
salmon,0,1,1,15,0,0,2,0,3,0,0,0,0,0,0,30,0,0,0,14,0,15,0,0,1,0,0,0,0
salsa,0,0,3,0,0,0,0,0,7,0,0,0,0,0,0,0,0,0,0,36,0,119,0,0,24,0,0,0,0
sandwich,0,12,9,10,0,0,5,0,10,0,0,0,0,0,0,14,0,0,0,31,0,22,0,0,0,0,0,0,0
sangria,0,0,36,0,0,0,0,0,0,0,0,0,0,0,0,0,0,0,0,10,0,0,0,0,4,0,0,0,0
sardine,0,24,8,26,9,18,4,20,17,8,0,31,0,26,6,36,18,6,72,16,23,2,207,8,0,14,8,1,10
sauce,0,0,8,0,0,0,0,0,0,0,0,0,0,0,0,0,0,0,0,186,0,0,0,0,0,0,0,0,0
sausage,0,2,4,13,0,0,5,0,20,0,0,0,0,0,0,21,0,0,0,87,0,15,0,0,2,0,0,0,0
sauté,0,0,0,0,0,0,0,0,0,0,0,0,0,0,0,0,0,0,0,0,0,0,0,0,0,0,0,0,0
scallop,0,1,5,8,10,5,2,12,7,5,0,10,0,22,4,22,6,8,23,20,12,0,39,4,0,0,15,10,8
scotch,0,0,0,0,0,2,0,0,0,0,0,0,0,0,0,0,0,0,0,0,0,0,0,0,0,0,0,0,0
seafood,0,1,6,8,4,9,2,12,7,3,0,14,0,7,2,16,7,5,20,26,11,3,52,6,12,0,6,2,6
seattle,0,0,24,21,0,0,0,0,0,0,0,0,0,0,0,8,0,0,0,17,0,93,0,0,0,0,0,0,0
seed,0,5,12,0,0,119,17,12,3,12,6,33,16,10,19,11,13,3,0,1,24,26,0,18,7,0,0,0,8
self,0,27,27,0,0,14,25,94,26,12,0,29,0,50,4,17,30,1,0,59,57,0,0,23,0,0,0,0,9
semolina,0,0,28,0,0,0,8,0,19,0,0,0,0,0,2,22,0,0,0,1,0,0,0,0,0,0,0,0,0
sesame,0,1,3,0,1,0,4,0,3,0,0,0,0,3,3,6,0,30,3,43,0,0,0,0,0,0,33,47,1
shallot,0,3,6,0,2,10,11,8,7,5,13,1,6,5,7,5,2,0,2,1,5,0,0,20,9,0,0,1,4
shavuot,0,0,0,0,0,0,0,0,0,0,0,0,0,0,0,0,0,0,0,0,0,0,0,0,0,0,0,0,0
shellfish,0,5,2,47,16,23,1,7,3,6,0,14,0,22,3,31,3,6,61,15,6,7,43,10,0,0,16,5,10
sherry,0,0,0,0,0,0,0,0,0,0,0,0,0,0,0,0,0,0,0,0,0,0,0,0,0,0,0,0,0
shower,0,10,9,19,0,0,0,0,2,0,0,0,0,0,0,7,0,0,0,3,0,9,0,0,1,0,0,0,0
shrimp,0,5,0,37,0,0,0,0,2,0,0,0,0,0,0,24,0,0,0,21,0,0,0,0,0,0,0,0,0
side,0,2,2,0,0,0,6,14,4,0,0,1,0,0,5,2,3,0,0,1,4,317,0,0,17,0,0,0,0
simmer,0,1,0,145,0,33,0,103,38,5,8,26,66,19,3,53,82,8,173,2,8,1478,48,22,10,0,0,0,42
skewer,9,0,3,18667,0,0,32,0,0,0,0,0,0,0,4,31,0,0,0,33,0,0,0,0,0,0,0,0,0
smoker,200,0,36,0,0,0,0,0,0,0,0,0,0,0,0,0,0,0,0,435,0,0,0,0,0,0,0,0,0
smoothie,0,6,2,1,3,9,10,12,2,7,0,5,0,6,7,6,11,7,2,2,5,8,11,9,9,2,7,71,5
snapper,0,2,0,13,0,0,0,0,0,0,0,0,0,0,9,41,0,0,0,3,0,0,0,0,0,2000,0,0,0
sorbet,0,0,10,0,1,1,2,1,1,0,0,1,0,0,1,2,1,0,0,1,0,0,0,1,6,0,0,0,0
sourdough,0,0,20,0,0,0,6,0,18,0,0,0,0,0,0,18,0,0,0,29,0,0,0,0,0,0,0,0,0
soy,0,13,19,0,20,273,12,60,29,40,0,19,0,1,0,53,27,6,22,37,28,0,0,30,0,0,7,10,14
spice,0,52,25,0,4,54,53,6,109,32,687,14,0,9,14,12,11,32,17,2,11,29,0,24,26,0,13,24,22
spinach,0,7,1,0,0,0,9,47,18,0,0,0,0,0,0,7,0,0,0,4,0,719,0,0,31,0,0,0,0
spirit,4,0,1,0,0,0,0,0,0,0,0,67,0,0,0,0,0,0,0,0,0,0,0,66,0,0,0,0,0
spring,0,2,25,0,6,46,44,11,20,30,177,36,19,27,7,31,8,2,129,0,42,1,0,20,0,0,7,2,25
spritzer,0,1,1,0,1,1,0,0,1,2,0,1,0,1,1,0,1,0,0,0,0,0,0,2,0,0,0,0,1
squash,0,2,2,1,1,4,5,2,2,3,0,5,0,1,2,1,2,3,1,6,3,2,0,7,4,0,3,2,2
squid,0,6,1,9,0,0,0,0,7,0,0,0,0,0,0,29,0,0,0,28,0,20,0,0,0,0,0,0,0
steak,0,0,40,0,0,0,0,0,0,0,0,0,0,0,0,0,0,0,0,0,0,0,0,0,0,0,0,0,0
steam,0,6,1,17,15,402,0,2,32,5,0,7,0,10,4,14,8,3,45,5,2,2,392,2,0,0,7,1,452
stew,0,1,2,12,6,7,5,4,3,4,0,18,0,7,5,18,7,3,16,13,5,15,4,16,8,0,2,6,5
stock,0,0,1,0,0,0,0,0,0,0,0,0,0,0,0,0,0,0,0,15,0,39,0,0,1,0,0,0,0
strawberry,0,0,8,0,0,0,0,0,0,0,0,0,0,0,0,2,0,0,0,0,0,0,0,0,0,0,0,0,0
sukkot,0,0,0,0,0,0,0,0,0,0,0,0,0,0,0,0,0,0,0,0,0,0,0,0,0,0,0,0,0
summer,0,5,2,34,12,5,2,7,4,4,0,3,0,8,5,9,13,20,14,10,7,13,11,5,7,4,2,2,5
swordfish,0,1,3,26,13,7,1,7,5,8,0,55,0,23,10,44,8,14,113,15,14,6,68,32,0,73,19,3,7
taco,0,7,5,6,0,17,11,14,10,6,11,9,4,8,5,13,8,15,13,16,12,7,17,6,0,0,4,9,11
tailgating,142,0,34,0,0,0,0,0,0,0,0,0,0,0,0,0,0,0,0,9,0,0,0,0,0,0,0,0,0
tamarind,0,6,23,0,2,10,18,4,16,22,0,12,0,9,13,6,12,1,2,1,36,0,0,4,4,0,1,2,1
tangerine,0,0,5,0,0,0,0,0,0,0,0,0,0,0,0,0,0,0,0,1,0,0,0,0,0,0,0,0,0
tapioca,0,0,30,0,0,0,0,0,0,0,0,0,0,0,0,0,0,0,0,0,0,0,0,0,0,0,0,0,0
tarragon,0,0,0,0,0,0,0,0,0,0,0,0,0,0,0,0,0,0,0,0,0,0,0,0,0,0,0,0,0
tart,0,1,26,0,2,7,6,29,24,3,0,39,0,6,2,8,38,15,6,14,43,22,0,29,0,0,5,16,3
tea,0,0,3,0,0,0,0,0,0,0,0,0,0,0,0,0,0,0,0,0,0,0,0,0,0,0,0,0,0
tequila,0,0,0,0,0,2,0,0,0,0,0,0,0,0,0,0,0,0,0,0,0,0,0,0,0,0,0,0,0
thanksgiving,0,0,2,19,0,0,0,0,7,0,0,0,0,0,0,43,0,0,0,45,0,0,0,0,7,0,0,0,0
thyme,0,0,0,0,0,0,0,0,0,0,0,0,0,0,0,0,0,0,0,0,0,0,0,0,0,0,0,0,0
tilapia,0,1,1,15,0,0,0,0,4,0,0,0,0,0,0,38,0,0,0,19,0,0,0,0,1,0,0,0,0
tofu,0,0,0,0,0,0,0,0,0,0,0,0,0,0,0,0,0,0,0,0,0,0,0,0,0,0,0,0,0
tomatillo,0,1,2,0,1,9,7,2,3,5,7,12,3,3,6,2,3,1,1,0,4,13,0,3,13,0,3,8,2
tomato,0,0,0,0,0,0,0,0,0,0,0,0,0,0,0,0,0,0,0,0,0,0,0,0,0,0,0,0,0
tortillas,0,11,14,0,0,0,13,0,7,0,0,0,0,0,0,7,0,0,0,0,0,0,0,0,0,0,0,0,0
trout,0,3,4,17,10,7,2,11,6,6,0,33,0,16,7,34,11,13,38,17,19,6,124,14,2,60,27,10,4
tuna,0,3,4,2,0,0,3,0,4,0,0,0,0,0,0,11,0,0,0,19,0,42,0,0,6,0,0,0,0
turnip,0,9,1,0,0,6,9,10,9,4,10,2,2,2,2,5,7,0,2,1,4,679,0,4,29,0,0,0,1
vanilla,0,9,8,31,5,1,0,2,2,3,0,1,0,8,3,7,13,42,6,3,3,20,16,3,0,2,3,1,4
veal,0,1,2,18,16,14,2,6,6,6,0,33,0,11,4,36,21,16,33,6,8,5,67,24,2,2,4,14,11
vegetable,0,2,2,0,2,8,5,10,5,5,0,5,5,2,4,5,5,0,1,1,5,674,0,6,6,0,3,20,2
venison,0,1,0,30,14,11,0,1,14,5,0,45,0,15,6,40,22,48,19,36,34,1,73,22,0,2,3,1,34
vermouth,0,0,0,0,0,0,0,0,0,0,0,0,0,0,0,0,0,0,0,73,0,0,0,0,0,0,0,0,0
vinegar,0,1,0,0,0,1,0,0,1,1,0,0,0,1,2,0,0,0,0,0,0,0,0,0,0,0,0,0,0
vodka,0,0,0,0,0,2,0,0,0,0,0,0,0,0,0,0,0,0,0,0,0,0,0,0,0,0,0,0,0
waffle,0,0,22,10,0,0,2,0,0,0,0,0,0,0,0,9,0,0,0,15,0,0,0,0,0,0,0,0,0
walnut,0,16,14,6,0,0,25,0,21,0,0,0,0,0,0,21,0,0,0,2,0,0,0,0,0,0,0,0,0
wasabi,0,3,17,0,0,6,22,2,3,5,6,1,0,2,4,4,5,10,4,147,4,0,0,3,0,0,26,3,6
watercress,0,10,0,1,2,9,2,2,1,5,0,1,0,5,7,5,9,3,2,8,7,19,0,9,35,0,10,219,1
watermelon,0,0,3,0,0,0,1,0,0,0,0,0,0,0,0,2,0,0,0,0,0,0,0,0,0,0,0,0,0
weelicious,0,0,0,0,0,0,0,0,0,0,0,0,0,0,0,0,0,0,0,0,0,0,0,0,0,0,0,0,0
westwood,0,0,0,0,0,0,0,0,0,0,0,0,0,0,0,0,0,0,0,0,0,0,0,0,0,0,0,0,0
whiskey,0,0,0,0,0,2,0,0,0,0,0,0,0,0,0,0,0,0,0,0,0,0,0,0,0,0,0,0,0
windsor,0,0,0,0,0,0,0,0,0,0,0,0,0,0,0,0,0,0,0,0,0,0,0,0,0,0,0,0,0
wine,0,1,1,0,1,1,0,0,1,2,0,1,0,1,1,0,1,0,0,0,0,0,0,2,0,0,0,0,1
winter,0,3,4,24,10,7,8,7,4,3,0,3,0,5,5,7,11,4,12,7,4,25,7,8,8,2,2,3,4
wok,0,0,0,0,0,0,0,0,0,0,0,0,0,0,0,0,0,39,0,0,0,0,0,0,0,0,117,59,0
yogurt,0,10,2,5,0,0,0,0,0,3,0,0,0,0,3,7,12,0,0,2,0,236,15,0,0,0,0,0,6
yonkers,0,0,0,0,0,0,0,0,0,0,0,0,0,0,0,0,0,0,0,0,0,0,0,0,0,0,0,0,0
yuca,0,1,11,0,0,0,12,0,7,0,0,0,0,0,8,2,0,0,0,0,0,0,0,0,0,0,0,0,0
zucchini,0,2,2,0,0,0,4,0,2,0,0,0,0,0,5,2,0,0,0,0,0,0,0,0,14,0,0,0,0
cookbooks,0,0,0,0,0,0,0,0,0,0,0,0,0,0,0,0,0,0,0,0,0,0,0,0,0,0,0,0,0
leftovers,0,0,0,0,0,0,0,0,0,0,0,0,0,0,0,0,0,0,0,0,0,0,0,0,0,0,0,0,0
snack,0,10,17,6,0,0,9,0,22,0,0,0,0,0,0,10,0,0,0,8,0,56,0,0,0,0,0,0,0
turkey,0,3,2,11,0,0,5,0,6,0,0,0,0,0,0,20,0,0,0,23,0,59,0,0,0,0,0,0,0
